"Issue Name","Issue Type","Issue Priority","URLs","% of Total","Description","How To Fix","Help URL"
"Links: Internal Outlinks With No Anchor Text","Opportunity","Low","5","100.000","Pages that have internal links without anchor text or images that are hyperlinked without alt text. Anchor text is the visible text and words used in hyperlinks that provide users and search engines context about the content of the target page. Internal outlinks without anchor text can be seen in the 'Outlinks' tab, with the 'All Link Types' filter set to 'Hyperlinks', where the 'Anchor Text' column is blank, or if an image, the 'Alt Text' column is also blank. Export in bulk via 'Bulk Export > Links > Internal Outlinks With No Anchor Text'.","Review the missing anchor text outlinks and where appropriate include useful and descriptive anchor text to help users and search engines.",""
"Meta Description: Missing","Opportunity","Low","5","100.000","Pages which have a missing meta description, the content is empty or has a whitespace. This is a missed opportunity to communicate the benefits of your product or service and influence click through rates for important URLs.","It's important to write unique and descriptive meta descriptions on key pages to communicate the purpose of the page to users, and entice them to click on your result over the competition. It can also mean Google use this description for snippets in the search results for some queries, rather than make up their own based upon the content of the page.",""
"Links: Non-Descriptive Anchor Text In Internal Outlinks","Opportunity","Low","2","40.000","Pages that have internal outlinks with anchor text that is not descriptive, such as 'click here' or 'learn more' based upon the preferences under 'Config > Spider > Preferences'. Anchor text is the visible text and words used in hyperlinks that provide users and search engines context about the content of the target page. Internal outlinks with non-descriptive anchor text can be seen in the 'Outlinks' tab, with the 'All Link Types' filter set to 'Hyperlinks', where the 'Anchor Text' column has words such as 'click here', or 'learn more'. Export in bulk via 'Bulk Export > Links > Non-Descriptive Anchor Text In Internal Outlinks'.","Review the non-descriptive anchor text in outlinks and where appropriate update them to include useful and descriptive anchor text to help provide context to both users and search engines.",""
"Images: Missing Alt Text","Issue","Low","23","95.830","Images that have an alt attribute, but are missing alt text. Click the address of the image and then the 'Image Details' tab in the lower window pane to view which pages have the image on them, and are missing alt text. Images should have descriptive alternative text about its purpose, which helps the blind and visually impaired, and the search engines understand it and its relevance to the web page.","Include descriptive alt text for images to help users and the search engines understand them better. Where possible, decorative images should be provided using CSS background images or alternatively a null (empty) alt text should be provided (alt="""") so that they can be ignored by assistive technologies, such as screen readers.",""
"Content: Low Content Pages","Opportunity","Medium","3","60.000","Pages with a word count that is below the default 200 words. The word count is based upon the content area settings used in the analysis which can be configured via 'Config > Content > Area'. There isn't a minimum word count for pages in reality, but the search engines do require descriptive text to understand the purpose of a page. This filter should only be used as a rough guide to help identify pages that might be improved by adding more descriptive content in the context of the website and page's purpose. Some websites, such as ecommerce, will naturally have lower word counts, which can be acceptable if a products details can be communicated efficiently.","Consider including additional descriptive content to help the user and search engines better understand the page.",""
"Security: Missing HSTS Header","Warning","Low","86","100.000","URLs that are missing the HSTS response header. The HTTP Strict-Transport-Security response header (HSTS) instructs browsers that it should only be accessed using HTTPS, rather than HTTP. If a website accepts a connection to HTTP, before being redirected to HTTPS, visitors will initially still communicate over HTTP. The HSTS header instructs the browser to never load over HTTP and to automatically convert all requests to HTTPS.","The HSTS header should be used across all pages to instruct the browser that it should always request pages via HTTPS, rather than HTTP.",""
"H2: Missing","Warning","Low","4","80.000","Pages which have a missing <h2>, the content is empty or has a whitespace. The <h2> heading is often used to describe sections or topics within a document. They act as signposts for the user, and can help search engines understand the page.","Consider using logical and descriptive <h2>s on important pages that help the user and search engines better understand the page.",""
"H2: Non-Sequential","Warning","Low","1","20.000","Pages with an <h2> that is not the second heading level after the <h1> on the page. Heading elements should be in a logical sequentially-descending order. The purpose of heading elements is to convey the structure of the page and they should be in logical order from <h1> to <h6>, which helps navigating the page and users that rely on assistive technologies.","Ensure the <h2> is the second heading on the page. Headings should be in a logical sequential order from <h1> to <h6>. Review and update page heading levels so they are descending in order, for example the heading element following an <h1> should be an <h2>, rather than an <h3>.",""
"Security: Missing X-Frame-Options Header","Warning","Low","86","100.000","URLs missing an X-Frame-Options response header with a 'DENY' or 'SAMEORIGIN' value. This instructs the browser not to render a page within a frame, iframe, embed or object. This helps avoid 'clickjacking' attacks, where your content is displayed on another web page that is controlled by an attacker.","To minimise security issues, the X-Frame-Options response header should be supplied with a 'DENY' or 'SAMEORIGIN' value.",""
"Security: Bad Content Type","Warning","Low","26","30.230","This indicates any URLs where the actual content type does not match the content type set in the header. It also identifies any invalid MIME types used. When the X-Content-Type-Options: nosniff response header is set by the server this is particularly important, as browsers rely on the content type header to correctly process the page. This can cause HTML web pages to be downloaded instead of being rendered when they are served with a MIME type other than text/html for example.","Analyse URLs identified with a bad content type, and set an accurate MIME type in the content-type header.",""
"H1: Non-Sequential","Warning","Low","1","20.000","Pages with an <h1> that is not the first heading on the page. Heading elements should be in a logical sequentially-descending order. The purpose of heading elements is to convey the structure of the page and they should be in logical order from <h1> to <h6>, which helps navigating the page and users that rely on assistive technologies.","Ensure the <h1> is the first heading on the page. Headings should be in a logical sequential order from <h1> to <h6>. Review and update page heading levels so they are descending in order, for example the first heading level should be an <h1>, and this should be followed by an <h2>.",""
"Security: Missing Secure Referrer-Policy Header","Warning","Low","86","100.000","URLs missing 'no-referrer-when-downgrade', 'strict-origin-when-cross-origin', 'no-referrer' or 'strict-origin' policies in the Referrer-Policy header. When using HTTPS, it's important that the URLs do not leak in non-HTTPS requests. This can expose users to 'man in the middle' attacks, as anyone on the network can view them.","Consider setting a referrer policy of strict-origin-when-cross-origin. It retains much of the referrer's usefulness, while mitigating the risk of leaking data cross-origins.",""
"Security: Missing X-Content-Type-Options Header","Warning","Low","86","100.000","URLs that are missing the 'X-Content-Type-Options' response header with a 'nosniff' value. In the absence of a MIME type, browsers may 'sniff' to guess the content type to interpret it correctly for users. However, this can be exploited by attackers who can try and load malicious code, such as JavaScript via an image they have compromised.","To minimise security issues, the X-Content-Type-Options response header should be supplied and set to 'nosniff'. This instructs browsers to rely only on the Content-Type header and block anything that does not match accurately. This also means the content-type set needs to be accurate.",""
"Page Titles: Below 30 Characters","Opportunity","Medium","3","60.000","Pages which have page titles under the configured limit. This isn't necessarily an issue, but it does indicate there might be room to target additional keywords or communicate your USPs.","Consider updating the page title to take advantage of the space left to include additional target keywords or USPs.",""
"Security: Unsafe Cross-Origin Links","Warning","Low","5","5.810","URLs that link to external websites using the target=""_blank"" attribute (to open in a new tab), without using rel=""noopener"" (or rel=""noreferrer"") at the same time. Using target=""_blank"" alone leaves those pages exposed to both security and performance issues for some legacy browsers, which are estimated to be below 5% of market share. Setting target=""_blank"" on <a> elements implicitly provides the same rel behavior as setting rel=""noopener"" which does not set window.opener for most modern browsers, such as Chrome, Safari, Firefox and Edge.  The external links that contain the target=""_blank"" attribute by itself can be viewed in the 'outlinks' tab and 'target' column. They can be exported alongside the pages they are linked from via 'Bulk Export > Security > Unsafe Cross-Origin Links'.","Consider the benefits of including the rel=""noopener"" link attribute on any links that contain the target=""_blank"" attribute to avoid security and performance issues for the users of legacy browsers that may visit the website.",""
"Security: Missing Content-Security-Policy Header","Warning","Low","86","100.000","URLs that are missing the Content-Security-Policy response header. This header allows a website to control which resources are loaded for a page. This policy can help guard against cross-site scripting (XSS) attacks that exploit the browser's trust of the content received from the server. The SEO Spider only checks for existence of the header, and does not interrogate the policies found within the header to determine whether they are well set-up for the website. This should be performed manually.","Set a strict Content-Security-Policy response header across all page to help mitigate cross site scripting (XSS) and data injection attacks.",""
"Page Titles: Below 200 Pixels","Opportunity","Medium","1","20.000","Pages which have page titles much shorter than Google's estimated pixel length limit. This isn't necessarily an issue, but it does indicate there might be room to target additional keywords or communicate your USPs.","Consider updating the page title to take advantage of the space left to include additional target keywords or USPs.",""
