"Severity","Issue","URL","Details","How To Fix"
"info","Canonicalized to another URL","https://lakewood.net.au/hello-world/?replytocom=1","{""canonicalUrl"":""https://lakewood.net.au/hello-world/""}","If this page should rank on its own, set its canonical to itself. Otherwise no action is needed."
"info","Heading levels skip","https://lakewood.net.au/","","Adjust heading levels so they descend one step at a time (H1 → H2 → H3) without skipping."
"info","Heading levels skip","https://lakewood.net.au/about-us/","","Adjust heading levels so they descend one step at a time (H1 → H2 → H3) without skipping."
"info","Heading levels skip","https://lakewood.net.au/contact-us/","","Adjust heading levels so they descend one step at a time (H1 → H2 → H3) without skipping."
"info","Heading levels skip","https://lakewood.net.au/what-we-print/","","Adjust heading levels so they descend one step at a time (H1 → H2 → H3) without skipping."
"info","Heading levels skip","https://lakewood.net.au/services/","","Adjust heading levels so they descend one step at a time (H1 → H2 → H3) without skipping."
"warning","Missing meta description","https://lakewood.net.au/","","Add a meta description of roughly 70–160 characters that summarizes the page and gives a reason to click."
"warning","Missing meta description","https://lakewood.net.au/author/lakewood/","","Add a meta description of roughly 70–160 characters that summarizes the page and gives a reason to click."
"warning","Missing meta description","https://lakewood.net.au/about-us/","","Add a meta description of roughly 70–160 characters that summarizes the page and gives a reason to click."
"warning","Missing meta description","https://lakewood.net.au/contact-us/","","Add a meta description of roughly 70–160 characters that summarizes the page and gives a reason to click."
"warning","Missing meta description","https://lakewood.net.au/category/uncategorized/","","Add a meta description of roughly 70–160 characters that summarizes the page and gives a reason to click."
"warning","Missing meta description","https://lakewood.net.au/hello-world/","","Add a meta description of roughly 70–160 characters that summarizes the page and gives a reason to click."
"warning","Missing meta description","https://lakewood.net.au/hello-world/?replytocom=1","","Add a meta description of roughly 70–160 characters that summarizes the page and gives a reason to click."
"warning","Missing meta description","https://lakewood.net.au/what-we-print/","","Add a meta description of roughly 70–160 characters that summarizes the page and gives a reason to click."
"warning","Missing meta description","https://lakewood.net.au/services/","","Add a meta description of roughly 70–160 characters that summarizes the page and gives a reason to click."
"info","Page is noindex","https://lakewood.net.au/hello-world/?replytocom=1","{""robotsMeta"":""max-image-preview:large, noindex, follow"",""xRobotsTag"":null}","If this page should rank, remove the noindex directive. If it's intentional (admin, thank-you, filter pages), no action is needed."
"warning","Orphan page","https://lakewood.net.au/author/lakewood/","","Link to this page from relevant pages (navigation, related content, hub pages), or remove it from the sitemap if it shouldn't be indexed."
"warning","Orphan page","https://lakewood.net.au/category/uncategorized/","","Link to this page from relevant pages (navigation, related content, hub pages), or remove it from the sitemap if it shouldn't be indexed."
"warning","Thin content","https://lakewood.net.au/author/lakewood/","{""wordCount"":97}","Either expand the page with genuinely useful content, noindex it, or consolidate it into a stronger page. If the content exists but is rendered by JavaScript, ensure it is server-rendered or pre-rendered."
"warning","Thin content","https://lakewood.net.au/category/uncategorized/","{""wordCount"":96}","Either expand the page with genuinely useful content, noindex it, or consolidate it into a stronger page. If the content exists but is rendered by JavaScript, ensure it is server-rendered or pre-rendered."